Identifier,Author,Title,French Chapter Title/Heading,English Chapter Title/Heading,Location,Link,M&K Grouping,Connected?,Connected to
MK002,Author-Practitioner,Ms. Fr. 640,Laboureur,Plowman,p009r,p009r,cultivation,Yes,MK081
MK003,Author-Practitioner,Ms. Fr. 640,Garder oranges,Keeping oranges,p016v,p016v,cultivation,Yes,MK082
MK004,Author-Practitioner,Ms. Fr. 640,Eschervis racine,Skirret root,p020v,p020v,cultivation,No,
MK005,Author-Practitioner,Ms. Fr. 640,Nouvelle vigne,New vine,p031r,p031r,cultivation,Yes,
MK006,Author-Practitioner,Ms. Fr. 640,Pour faire sortir les connils dun terrier,For making rabbits come out of a burrow,p035r,p035r,cultivation,Yes,
MK007,Author-Practitioner,Ms. Fr. 640,Jardinier,Gardener,p037v,p037v,cultivation,Yes,
MK008,Author-Practitioner,Ms. Fr. 640,Beaulx artichaulx,Beautiful artichokes,p038v,p038v,cultivation,Yes,
MK009,Author-Practitioner,Ms. Fr. 640,Planter abres,Planting trees,p038v,p038v,cultivation,Yes,
MK010,Author-Practitioner,Ms. Fr. 640,Pastel,Pastel woad,p039r,p039r,cultivation,No,
MK011,Author-Practitioner,Ms. Fr. 640,Lis de jardin,Garden lilly,p041r,p041r,cultivation,Yes,
MK012,Author-Practitioner,Ms. Fr. 640,Canards,Ducks,p041r,p041r,cultivation,No,
MK013,Author-Practitioner,Ms. Fr. 640,Brebis tondues,Sheared ewes,p041v,p041v,cultivation,No,
MK014,Author-Practitioner,Ms. Fr. 640,Mericotons et pavis,Mericotons and pavis (apricots and peaches?),p043r,p043r,cultivation,No,
MK015,Author-Practitioner,Ms. Fr. 640,Fleurs dabres,Flowers of trees,p046r,p046r,cultivation,Yes,
MK016,Author-Practitioner,Ms. Fr. 640,Oyseaux,Birds,p049v,p049v,cultivation,Yes,
MK017,Author-Practitioner,Ms. Fr. 640,Oyseaulx,Birds,p049v,p049v,cultivation,Yes,
MK018,Author-Practitioner,Ms. Fr. 640,Garder fruict tout lan,Keeping fruit for the entire year,p050r,p050r,cultivation,Yes,
MK019,Author-Practitioner,Ms. Fr. 640,Oysillons,Small birds,p050v,p050v,cultivation,Yes,
MK020,Author-Practitioner,Ms. Fr. 640,Lin,Linseed,p052v,p052v,cultivation,Yes,
MK021,Author-Practitioner,Ms. Fr. 640,"Amendiers, abricots","Almond trees, apricots",p053r,p053r,cultivation,Yes,
MK022,Author-Practitioner,Ms. Fr. 640,Vers de soye p1,Silkworms p1,p053v,p053v,cultivation,No,
MK023,Author-Practitioner,Ms. Fr. 640,Vers de soye p2,Silkworms p2,p054r,p054r,cultivation,No,
MK024,Author-Practitioner,Ms. Fr. 640,Pour fayre suivre un cheval,For making a horse to follow,p054v,p054v,cultivation,Yes,
MK025,Author-Practitioner,Ms. Fr. 640,Chiens,Dogs,p054v,p054v,cultivation,Yes,
MK026,Author-Practitioner,Ms. Fr. 640,Pour attirer les pigeons,For attracting pigeons,p066v,p066v,cultivation,Yes,
MK027,Author-Practitioner,Ms. Fr. 640,Planter arbres,Planting trees,p068r,p068r,cultivation,Yes,
MK028,Author-Practitioner,Ms. Fr. 640,Chevaulx las,Weary horses,p071r,p071r,cultivation,Yes,
MK029,Author-Practitioner,Ms. Fr. 640,Graisse de mouton,Sheep fat,p071v,p071v,cultivation,No,
MK030,Author-Practitioner,Ms. Fr. 640,Araigne,Spider,p071v,p071v,cultivation,No,
MK031,Author-Practitioner,Ms. Fr. 640,Visme,Visme,p088r,p088r,cultivation,No,
MK032,Author-Practitioner,Ms. Fr. 640,Hanter,Grafting,p088r,p088r,cultivation,No,
MK033,Author-Practitioner,Ms. Fr. 640,Orangers,Orange trees,p090v,p090v,cultivation,Yes,
MK034,Author-Practitioner,Ms. Fr. 640,Hanter,Grafting,p091r,p091r,cultivation,No,
MK035,Author-Practitioner,Ms. Fr. 640,Olives,Olives,p093r,p093r,cultivation,Yes,
MK036,Author-Practitioner,Ms. Fr. 640,Observation des rustiques,Observation from rustics,p093r,p093r,cultivation,Yes,
MK037,Author-Practitioner,Ms. Fr. 640,Hantes,Grafts,p093r,p093r,cultivation,No,
MK038,Author-Practitioner,Ms. Fr. 640,Bords de jardin,Borders of a garden,p098r,p098r,cultivation,Yes,
MK039,Author-Practitioner,Ms. Fr. 640,Petis chiens,Small dogs,p098v,p098v,cultivation,Yes,
MK040,Author-Practitioner,Ms. Fr. 640,Artichaul sales,Salted artichokes,p098v,p098v,cultivation,Yes,
MK041,Author-Practitioner,Ms. Fr. 640,Abres,Trees,p098v,p098v,cultivation,Yes,
MK042,Author-Practitioner,Ms. Fr. 640,Oyseaulx,Birds,p098v,p098v,cultivation,Yes,
MK043,Author-Practitioner,Ms. Fr. 640,Coigniers,Quince trees,p099v,p099v,cultivation,Yes,
MK044,Author-Practitioner,Ms. Fr. 640,Tortues,Turtles,p105r,p105r,cultivation,Yes,
MK045,Author-Practitioner,Ms. Fr. 640,Jardinier p1,Gardening p1,p105r,p105r,cultivation,Yes,
MK046,Author-Practitioner,Ms. Fr. 640,Jardinier p2,Gardening p2,p105v,p105v,cultivation,Yes,
MK047,Author-Practitioner,Ms. Fr. 640,Jardiner,Gardening,p105v,p105v,cultivation,Yes,
MK048,Author-Practitioner,Ms. Fr. 640,Prendre rossignols,Catching nightingales,p105v,p105v,cultivation,No,
MK049,Author-Practitioner,Ms. Fr. 640,Rossignol,Nightingale,p105v,p105v,cultivation,No,
MK050,Author-Practitioner,Ms. Fr. 640,Rossignol,Nightingale,p105v,p105v,cultivation,No,
MK051,Author-Practitioner,Ms. Fr. 640,Pescher,Peach tree,p162v,p162v,cultivation,No,
MK052,Author-Practitioner,Ms. Fr. 640,Oliviers,Olive trees,p162v,p162v,cultivation,Yes,
MK053,Author-Practitioner,Ms. Fr. 640,Garder chastaignes,Keeping chestnuts,p166v,p166v,cultivation,Yes,
MK054,Author-Practitioner,Ms. Fr. 640,Guerir les chiens de la galle,Curing dogs of mange,p048r,p048r,medicine,Yes,
MK055,Author-Practitioner,Ms. Fr. 640,Contre la galle des chiens,Against dogs' mange,p104v,p104v,medicine,Yes,
MK056,Author-Practitioner,Ms. Fr. 640,Contre peste,Against plague,p170v,p170v,medicine,No,
MK057,Author-Practitioner,Ms. Fr. 640,Pour preserver,For preserving,p170v,p170v,medicine,No,
MK058,Author-Practitioner,Ms. Fr. 640,Livres a recouvrer,Books to recover,p002r,p002r,Not grouped,No,
MK059,Author-Practitioner,Ms. Fr. 640,Pour garder que les chandelles ne degoutent et les fayre blanches,For keeping candles from dripping and making them white,p037r,p037r,Not grouped,No,
MK060,Author-Practitioner,Ms. Fr. 640,Excellente moustarde,Excellent mustard,p048r,p048r,Not grouped,No,
MK061,Author-Practitioner,Ms. Fr. 640,Garder oiseaulx et animaux,Keeping birds and animals,p048r,p048r,Not grouped,Yes,
MK062,Author-Practitioner,Ms. Fr. 640,Bottes de foin,Boots of hay,p054v,p054v,Not grouped,No,
MK063,Author-Practitioner,Ms. Fr. 640,Pour cognoistre le chemin quon faict en plaine mer,For knowing the course one takes on the open sea,p055v,p055v,Not grouped,No,
MK064,Author-Practitioner,Ms. Fr. 640,Vin brusle et sucre,Mulled and sugared wine,p071r,p071r,Not grouped,Yes,
MK065,Author-Practitioner,Ms. Fr. 640,Eau de vye,Eau-de-vie,p071r,p071r,Not grouped,Yes,
MK066,Author-Practitioner,Ms. Fr. 640,Boulangier,Baker,p088r,p088r,Not grouped,Yes,
MK067,Author-Practitioner,Ms. Fr. 640,Anatomie,Anatomy,p120v,p120v,Not grouped,No,
MK068,Author-Practitioner,Ms. Fr. 640,Garder fleurs seiches en mesme estat toute l'année p1,Keeping dry flowers in the same state all year p1,p120v,p120v,Not grouped,Yes,
MK069,Author-Practitioner,Ms. Fr. 640,Garder fleurs seiches en mesme estat toute l'année p2,Keeping dried flowers in the same state all year p2,p121r,p121r,Not grouped,Yes,
MK070,Author-Practitioner,Ms. Fr. 640,Pour garder les fruits tout lan,For keeping fruits all year,p121r,p121r,Not grouped,Yes,
MK071,Author-Practitioner,Ms. Fr. 640,Pour bien apprendre un chien,For teaching a dog well,p131r,p131r,Not grouped,Yes,
MK072,Author-Practitioner,Ms. Fr. 640,Pour la boutique,For the workshop,p162r,p162r,Not grouped,Yes,
MK073,Author-Practitioner,Ms. Fr. 640,Pour la boutique p1,For the workshop,p166r,p166r,Not grouped,Yes,
MK074,Author-Practitioner,Ms. Fr. 640,Pour la boutique p2,For the workshop,p166v,p166v,Not grouped,Yes,
MK075,Charles Estienne,La Maison Rustique,"Quelle forme d’agriculture sera traittee, cy apres ",What kind of agriculture will be discussed herein,1a,https://archive.org/details/lagricultureetma00esti,N/A,,
MK076,Charles Estienne,La Maison Rustique,Le project de ce qui sera descrit cy apres ,The purpose of what will be described in the following,1b,https://archive.org/details/lagricultureetma00esti,N/A,,
MK077,Charles Estienne,La Maison Rustique,"Quelles choses sont requises, avant que bastir la metairie",What is necessary before building the farm building,"2a
",https://archive.org/details/lagricultureetma00esti,N/A,,
MK078,Charles Estienne,La Maison Rustique,Assiette de la maison rustique avec ses appartenances ,,2b,https://archive.org/details/lagricultureetma00esti,N/A,,
MK079,Charles Estienne,La Maison Rustique,Le bastiment & pourpris de la maison Rustique ,,5b,https://archive.org/details/lagricultureetma00esti,N/A,,
MK080,Charles Estienne,La Maison Rustique,L’office du pere de famille ,,8a,https://archive.org/details/lagricultureetma00esti,N/A,,
MK081,Charles Estienne,La Maison Rustique,L’office du fermier,,8b,https://archive.org/details/lagricultureetma00esti,N/A,Yes,MK002
MK082,Charles Estienne,La Maison Rustique,L’estat de la fermiere,,9b,https://archive.org/details/lagricultureetma00esti,N/A,Yes,MK007
MK083,Charles Estienne,La Maison Rustique,Les vaches ,,10b,https://archive.org/details/lagricultureetma00esti,N/A,,
MK084,Charles Estienne,La Maison Rustique,Les poulles ,,11a,https://archive.org/details/lagricultureetma00esti,N/A,,
MK085,Charles Estienne,La Maison Rustique,Les oyes ,,14a,https://archive.org/details/lagricultureetma00esti,N/A,,
MK086,Charles Estienne,La Maison Rustique,Les cannes ,,16a,https://archive.org/details/lagricultureetma00esti,N/A,,
MK087,Charles Estienne,La Maison Rustique,Les Faisans & gelinotes,,N/A,https://archive.org/details/lagricultureetma00esti,N/A,,
MK088,Charles Estienne,La Maison Rustique,Les paons ,,17a,https://archive.org/details/lagricultureetma00esti,N/A,,
MK089,Charles Estienne,La Maison Rustique,Poulles d’Inde ,,18a,https://archive.org/details/lagricultureetma00esti,N/A,,
MK090,Charles Estienne,La Maison Rustique,"Les tourterelles, perdrix, cailles & grues ",,18b,https://archive.org/details/lagricultureetma00esti,N/A,,
MK091,Charles Estienne,La Maison Rustique,Le coulombier ,,19b,https://archive.org/details/lagricultureetma00esti,N/A,,
MK092,Charles Estienne,La Maison Rustique,Le bouuier,,21a,https://archive.org/details/lagricultureetma00esti,N/A,,
MK093,Charles Estienne,La Maison Rustique,Le porcher ,,24b,https://archive.org/details/lagricultureetma00esti,N/A,,
MK094,Charles Estienne,La Maison Rustique,Le berger ,,25b,https://archive.org/details/lagricultureetma00esti,N/A,,
MK095,Charles Estienne,La Maison Rustique,Le cheurier ,,27b,https://archive.org/details/lagricultureetma00esti,N/A,,
MK096,Charles Estienne,La Maison Rustique,Le cheuil ,,28a,https://archive.org/details/lagricultureetma00esti,N/A,,
MK097,Charles Estienne,La Maison Rustique,Le chartier ,,29b,https://archive.org/details/lagricultureetma00esti,N/A,,
MK098,Charles Estienne,La Maison Rustique,L’asne ,,33b,https://archive.org/details/lagricultureetma00esti,N/A,,
MK099,Charles Estienne,La Maison Rustique,Le muletier ,,33b,https://archive.org/details/lagricultureetma00esti,N/A,,
MK100,Charles Estienne,La Maison Rustique,"L’assiette & pourpris des iardins, tant potager que parterre ",,35a,https://archive.org/details/lagricultureetma00esti,N/A,,
MK101,Charles Estienne,La Maison Rustique,Quel doit estre le terroir & labourage des iardins,,35b,https://archive.org/details/lagricultureetma00esti,N/A,,
MK102,Charles Estienne,La Maison Rustique,La forme des hayes des iardins ,,35b,https://archive.org/details/lagricultureetma00esti,N/A,,
MK103,Charles Estienne,La Maison Rustique,Des treilles di iardin potager,,36a,https://archive.org/details/lagricultureetma00esti,N/A,,
MK104,Charles Estienne,La Maison Rustique,Le labour du iardin potager ,,36b,https://archive.org/details/lagricultureetma00esti,N/A,,
MK105,Charles Estienne,La Maison Rustique,La disposition des planches du iardin potager ,,36b,https://archive.org/details/lagricultureetma00esti,N/A,,
MK106,Charles Estienne,La Maison Rustique,L’assiette des couches du iardin potager,,37a,https://archive.org/details/lagricultureetma00esti,N/A,,
MK107,Charles Estienne,La Maison Rustique,Le temps de semer le potager,,37b,https://archive.org/details/lagricultureetma00esti,N/A,,
MK108,Charles Estienne,La Maison Rustique,"Planter, replanter, cueillir & garder les herbs potageres ",,38a,https://archive.org/details/lagricultureetma00esti,N/A,,
MK109,Charles Estienne,La Maison Rustique,"Des herbes pour les potages en particulier, & premierement des chou,",,39a,https://archive.org/details/lagricultureetma00esti,N/A,,
MK110,Charles Estienne,La Maison Rustique,La laictuë ,,39b,https://archive.org/details/lagricultureetma00esti,N/A,,
MK111,Charles Estienne,La Maison Rustique,L’endiue ,,40a,https://archive.org/details/lagricultureetma00esti,N/A,,
MK112,Charles Estienne,La Maison Rustique,Cichoree,,40b,https://archive.org/details/lagricultureetma00esti,N/A,,
MK113,Charles Estienne,La Maison Rustique,Artichaud ,,40b,https://archive.org/details/lagricultureetma00esti,N/A,,
MK114,Charles Estienne,La Maison Rustique,"Pourpier, ozeille, pimprenelle, corne de cerf ",,41a,https://archive.org/details/lagricultureetma00esti,N/A,,
MK115,Charles Estienne,La Maison Rustique,Bettes & poiree ,,41a,https://archive.org/details/lagricultureetma00esti,N/A,,
MK116,Charles Estienne,La Maison Rustique,Arroches ,,41a,https://archive.org/details/lagricultureetma00esti,N/A,,
MK117,Charles Estienne,La Maison Rustique,Espinars ,,41b,https://archive.org/details/lagricultureetma00esti,N/A,,
MK118,Charles Estienne,La Maison Rustique,"Bourroche, buglose, & langue du chien ",,41b,https://archive.org/details/lagricultureetma00esti,N/A,,
MK119,Charles Estienne,La Maison Rustique,"Porreaux, ciboules, ciuots ",,41b,https://archive.org/details/lagricultureetma00esti,N/A,,
MK120,Charles Estienne,La Maison Rustique,Pourceline ou pourpier ,,42a,https://archive.org/details/lagricultureetma00esti,N/A,,
MK121,Charles Estienne,La Maison Rustique,"Ails, oignons, eschalottes appetits ",,42a,https://archive.org/details/lagricultureetma00esti,N/A,,
MK122,Charles Estienne,La Maison Rustique,"Persil, anet, fenoil, anis, roquette ",,42b,https://archive.org/details/lagricultureetma00esti,N/A,,
MK123,Charles Estienne,La Maison Rustique,Asparge ,,42b,https://archive.org/details/lagricultureetma00esti,N/A,,
MK124,Charles Estienne,La Maison Rustique,Targon ,,43a,https://archive.org/details/lagricultureetma00esti,N/A,,
MK125,Charles Estienne,La Maison Rustique,Cresson & birle,,43a,https://archive.org/details/lagricultureetma00esti,N/A,,
MK126,Charles Estienne,La Maison Rustique,Saffran,,43a,https://archive.org/details/lagricultureetma00esti,N/A,,
MK127,Charles Estienne,La Maison Rustique,"Naueaux raues, refforts, carrottes, panets & pastenades",,43b,https://archive.org/details/lagricultureetma00esti,N/A,,
MK128,Charles Estienne,La Maison Rustique,Seneué ,,43b,https://archive.org/details/lagricultureetma00esti,N/A,,
MK129,Charles Estienne,La Maison Rustique,Pauot ,,43b,https://archive.org/details/lagricultureetma00esti,N/A,,
MK130,Charles Estienne,La Maison Rustique,Concombres & citrouilles ,,43b,https://archive.org/details/lagricultureetma00esti,N/A,,
MK131,Charles Estienne,La Maison Rustique,Melons & pompons (ponpons?),,44a,https://archive.org/details/lagricultureetma00esti,N/A,,
MK132,Charles Estienne,La Maison Rustique,Singularitez pour les melons & fruits semblables ,,44b,https://archive.org/details/lagricultureetma00esti,N/A,,
MK133,Charles Estienne,La Maison Rustique,PARTERRE OU IARDIN à fleurs,,Chapter heading,https://archive.org/details/lagricultureetma00esti,N/A,,
MK134,Charles Estienne,La Maison Rustique,Quel profit & plaisir apport le parterre ,,45a,https://archive.org/details/lagricultureetma00esti,N/A,,
MK135,Charles Estienne,La Maison Rustique,"L’assiette, disposition & culture du parterre ",,45b,https://archive.org/details/lagricultureetma00esti,N/A,,
MK136,Charles Estienne,La Maison Rustique,La disposition des herbes & fleurs du parterre,,45b,https://archive.org/details/lagricultureetma00esti,N/A,,
MK137,Charles Estienne,La Maison Rustique,Des herbes pour les bouuets en particulier. Et premierement des violettes de Mars,,46a,https://archive.org/details/lagricultureetma00esti,N/A,,
MK138,Charles Estienne,La Maison Rustique,Oeillets,,46a,https://archive.org/details/lagricultureetma00esti,N/A,,
MK139,Charles Estienne,La Maison Rustique,Lis,,46b,https://archive.org/details/lagricultureetma00esti,N/A,,
MK140,Charles Estienne,La Maison Rustique,Des herbes odorantes en particulier: & premiererement(sic) du basilic,,46b,https://archive.org/details/lagricultureetma00esti,N/A,,
MK141,Charles Estienne,La Maison Rustique,Rue,,47a,https://archive.org/details/lagricultureetma00esti,N/A,,
MK142,Charles Estienne,La Maison Rustique,Menthe ,,47a,https://archive.org/details/lagricultureetma00esti,N/A,,
MK143,Charles Estienne,La Maison Rustique,Thym ,,47a,https://archive.org/details/lagricultureetma00esti,N/A,,
MK144,Charles Estienne,La Maison Rustique,Origan,,47a,https://archive.org/details/lagricultureetma00esti,N/A,,
MK145,Charles Estienne,La Maison Rustique,Sarriette & hyssope ,,47b,https://archive.org/details/lagricultureetma00esti,N/A,,
MK146,Charles Estienne,La Maison Rustique,Coriandre ibidem,,47b,https://archive.org/details/lagricultureetma00esti,N/A,,
MK147,Charles Estienne,La Maison Rustique,Sauge ibidem,,47b,https://archive.org/details/lagricultureetma00esti,N/A,,
MK148,Charles Estienne,La Maison Rustique,Aluine ibidem,,47b,https://archive.org/details/lagricultureetma00esti,N/A,,
MK149,Charles Estienne,La Maison Rustique,Rosmarin & iosmin ibi.,,47b,https://archive.org/details/lagricultureetma00esti,N/A,,
MK150,Charles Estienne,La Maison Rustique,Serpolet ibidem,,47b,https://archive.org/details/lagricultureetma00esti,N/A,,
MK151,Charles Estienne,La Maison Rustique,Anet ibidem,,47b,https://archive.org/details/lagricultureetma00esti,N/A,,
MK152,Charles Estienne,La Maison Rustique,Fenoil ,,48a,https://archive.org/details/lagricultureetma00esti,N/A,,
MK153,Charles Estienne,La Maison Rustique,"Bref discours des arbres & arbrisseaux, tant estrangers que domestiques, qui sont plantez ou transplantez au parterre",,48a,https://archive.org/details/lagricultureetma00esti,N/A,,
MK154,Charles Estienne,La Maison Rustique,Desarbrisseaux d’où sont faits les bereaux du parterre en particulier: & premeirement du cypres ,,48b,https://archive.org/details/lagricultureetma00esti,N/A,,
MK155,Charles Estienne,La Maison Rustique,Rosier ,,48b,https://archive.org/details/lagricultureetma00esti,N/A,,
MK156,Charles Estienne,La Maison Rustique,"Bouïs genest, cedre, sauignier ",,49a,https://archive.org/details/lagricultureetma00esti,N/A,,
MK157,Charles Estienne,La Maison Rustique,"Des arbres & arbrisseaux tant estrangers que domestiques, qui sont plantez ou semez par couches ou vaisseaux ou parterre en particulier ",,49a,https://archive.org/details/lagricultureetma00esti,N/A,,
MK158,Charles Estienne,La Maison Rustique,Meurtre ,,49b,https://archive.org/details/lagricultureetma00esti,N/A,,
MK159,Charles Estienne,La Maison Rustique,Palmier ibidem,,49b,https://archive.org/details/lagricultureetma00esti,N/A,,
MK160,Charles Estienne,La Maison Rustique,Pin ,,50a,https://archive.org/details/lagricultureetma00esti,N/A,,
MK161,Charles Estienne,La Maison Rustique,Figuier,,50a,https://archive.org/details/lagricultureetma00esti,N/A,,
MK162,Charles Estienne,La Maison Rustique,L’oliuier ,,51a,https://archive.org/details/lagricultureetma00esti,N/A,,
MK163,Charles Estienne,La Maison Rustique,Pistaches ,,51b,https://archive.org/details/lagricultureetma00esti,N/A,,
MK164,Charles Estienne,La Maison Rustique,"Citronniers, orengers, limoniers, poucilles ",,51b,https://archive.org/details/lagricultureetma00esti,N/A,,
MK165,Charles Estienne,La Maison Rustique,Grenadiers,,52b,https://archive.org/details/lagricultureetma00esti,N/A,,
MK166,Charles Estienne,La Maison Rustique,Des deux iardins particuliers assis aubout du iardin potager & du parterre ,,53a,https://archive.org/details/lagricultureetma00esti,N/A,,
MK167,Charles Estienne,La Maison Rustique,Garence ,,53a,https://archive.org/details/lagricultureetma00esti,N/A,,
MK168,Charles Estienne,La Maison Rustique,Gaude & guesde ,,53b,https://archive.org/details/lagricultureetma00esti,N/A,,
MK169,Charles Estienne,La Maison Rustique,Chardon à bosnetier ibi. (bonnetier? bomnetier?),,53b,https://archive.org/details/lagricultureetma00esti,N/A,,
MK170,Charles Estienne,La Maison Rustique,Le saffran ,,54a,https://archive.org/details/lagricultureetma00esti,N/A,,
MK171,Charles Estienne,La Maison Rustique,Bref renuoy touchant les legumes ,,54b,https://archive.org/details/lagricultureetma00esti,N/A,,
MK172,Charles Estienne,La Maison Rustique,Le remede contre les accidents que suruiennent aux herbes (seruiemnent? seriuesnent?),,55a,https://archive.org/details/lagricultureetma00esti,N/A,,
MK173,Charles Estienne,La Maison Rustique,La mouche a miel ,,56a,https://archive.org/details/lagricultureetma00esti,N/A,,
MK174,Charles Estienne,La Maison Rustique,L’assiette du lieu pour les mousches a miel ,,56b,https://archive.org/details/lagricultureetma00esti,N/A,,
MK175,Charles Estienne,La Maison Rustique,La forme & assiette des ruches pour les mousches a miel ,,57a,https://archive.org/details/lagricultureetma00esti,N/A,,
MK176,Charles Estienne,La Maison Rustique,Quelles doiuent estre les mousches a miel ,,57b,https://archive.org/details/lagricultureetma00esti,N/A,,
MK177,Charles Estienne,La Maison Rustique,Quel doit estre le gouuernement des mouches domestiques ,,58a,https://archive.org/details/lagricultureetma00esti,N/A,,
MK178,Charles Estienne,La Maison Rustique,La maniere de gouuerner les mousches a miel,,58b,https://archive.org/details/lagricultureetma00esti,N/A,,
MK179,Charles Estienne,La Maison Rustique,Les remedes des maladies ausquelles sont subiettes les mousches a miel ,,59b,https://archive.org/details/lagricultureetma00esti,N/A,,
MK180,Charles Estienne,La Maison Rustique,La maniere de recueillir le miel ,,60a,https://archive.org/details/lagricultureetma00esti,N/A,,
MK181,Charles Estienne,La Maison Rustique,Pour faire le miel & le cire ,,60b,https://archive.org/details/lagricultureetma00esti,N/A,,
MK182,Charles Estienne,La Maison Rustique,"Des differences de verger,",,61a,https://archive.org/details/lagricultureetma00esti,N/A,,
MK183,Charles Estienne,La Maison Rustique,Le iardin fruitier ,,61b,https://archive.org/details/lagricultureetma00esti,N/A,,
MK184,Charles Estienne,La Maison Rustique,"La pepiniere, que est la plante d’arbres par pepins ou semence ",,62a,https://archive.org/details/lagricultureetma00esti,N/A,,
MK185,Charles Estienne,La Maison Rustique,La bastardiere ,,62b,https://archive.org/details/lagricultureetma00esti,N/A,,
MK186,Charles Estienne,La Maison Rustique,La plante a noyau ,,63a,https://archive.org/details/lagricultureetma00esti,N/A,,
MK187,Charles Estienne,La Maison Rustique,Plante par scions & reiettons,,64a,https://archive.org/details/lagricultureetma00esti,N/A,,
MK188,Charles Estienne,La Maison Rustique,Piquer ou affier par branchettes ou drageons(drageoms?),,64b,https://archive.org/details/lagricultureetma00esti,N/A,,
MK189,Charles Estienne,La Maison Rustique,Maniere de faire scions a planter ,,65a,https://archive.org/details/lagricultureetma00esti,N/A,,
MK190,Charles Estienne,La Maison Rustique,"De prouigner reiettons, ou antenais",,65b,https://archive.org/details/lagricultureetma00esti,N/A,,
MK191,Charles Estienne,La Maison Rustique,"Enter sauuageaux & autres arbres, &c ",,66b,https://archive.org/details/lagricultureetma00esti,N/A,,
MK192,Charles Estienne,La Maison Rustique,Choisir cueillir & tailler les gresses pour enter en fente en tronc &c ,,67a,https://archive.org/details/lagricultureetma00esti,N/A,,
MK193,Charles Estienne,La Maison Rustique,Enter en sente & entre l’escorce & le bois ,,67b,https://archive.org/details/lagricultureetma00esti,N/A,,
MK194,Charles Estienne,La Maison Rustique,Enter au bout des branches ,,69a,https://archive.org/details/lagricultureetma00esti,N/A,,
MK195,Charles Estienne,La Maison Rustique,Enter entre le bois & e’escorce ,,69a,https://archive.org/details/lagricultureetma00esti,N/A,,
MK196,Charles Estienne,La Maison Rustique,Enter en escusson ,,69b,https://archive.org/details/lagricultureetma00esti,N/A,,
MK197,Charles Estienne,La Maison Rustique,Autres manieres d’enter sur toutes sortes d’arbres ,,70b,https://archive.org/details/lagricultureetma00esti,N/A,,
MK198,Charles Estienne,La Maison Rustique,"Singularitez d’enter, planter, & semer arres, pour auoir fruits exquis",,71b,https://archive.org/details/lagricultureetma00esti,N/A,,
MK199,Charles Estienne,La Maison Rustique,Du temps de planter & replanter les arbres entez gros & moindres,,75a,https://archive.org/details/lagricultureetma00esti,N/A,,
MK200,Charles Estienne,La Maison Rustique,Du lieu & solage en general ,,76a,https://archive.org/details/lagricultureetma00esti,N/A,,
MK201,Charles Estienne,La Maison Rustique,"Du lieu & temps auquel chacun arbre fruitier ayme d’estre seme, plante, & ente en particulier, & premierement de l’amandier ",,76b,https://archive.org/details/lagricultureetma00esti,N/A,,
MK202,Charles Estienne,La Maison Rustique,Noisillier & couldre ,,76b,https://archive.org/details/lagricultureetma00esti,N/A,,
MK203,Charles Estienne,La Maison Rustique,Cerisier ,,77a,https://archive.org/details/lagricultureetma00esti,N/A,,
MK204,Charles Estienne,La Maison Rustique,Coignier,,77a,https://archive.org/details/lagricultureetma00esti,N/A,,
MK205,Charles Estienne,La Maison Rustique,"Orengier, poucille, citron, limon ",,77b,https://archive.org/details/lagricultureetma00esti,N/A,,
MK206,Charles Estienne,La Maison Rustique,Figuier ,,77b,https://archive.org/details/lagricultureetma00esti,N/A,,
MK207,Charles Estienne,La Maison Rustique,Pommier,,78a,https://archive.org/details/lagricultureetma00esti,N/A,,
MK208,Charles Estienne,La Maison Rustique,Poirier,,78a,https://archive.org/details/lagricultureetma00esti,N/A,,
MK209,Charles Estienne,La Maison Rustique,Le meurier ,,78b,https://archive.org/details/lagricultureetma00esti,N/A,,
MK210,Charles Estienne,La Maison Rustique,Noyer ,,78b,https://archive.org/details/lagricultureetma00esti,N/A,,
MK211,Charles Estienne,La Maison Rustique,Oiluier,,79a,https://archive.org/details/lagricultureetma00esti,N/A,,
MK212,Charles Estienne,La Maison Rustique,Dattier & palmier ,,79b,https://archive.org/details/lagricultureetma00esti,N/A,,
MK213,Charles Estienne,La Maison Rustique,Chastaignier,,79b,https://archive.org/details/lagricultureetma00esti,N/A,,
MK214,Charles Estienne,La Maison Rustique,Pin ,,79b,https://archive.org/details/lagricultureetma00esti,N/A,,
MK215,Charles Estienne,La Maison Rustique,Prunier ,,79b,https://archive.org/details/lagricultureetma00esti,N/A,,
MK216,Charles Estienne,La Maison Rustique,Grenadier ,,80a,https://archive.org/details/lagricultureetma00esti,N/A,,
MK217,Charles Estienne,La Maison Rustique,Cormier,,80a,https://archive.org/details/lagricultureetma00esti,N/A,,
MK218,Charles Estienne,La Maison Rustique,Guindolier autrement dit iuiubier ,,80a,https://archive.org/details/lagricultureetma00esti,N/A,,
MK219,Charles Estienne,La Maison Rustique,Laurier ,,80b,https://archive.org/details/lagricultureetma00esti,N/A,,
MK220,Charles Estienne,La Maison Rustique,L’espace qu’il faut entre les arbres fruitiers que lo(n?s?m?) replante,,80b,https://archive.org/details/lagricultureetma00esti,N/A,,
MK221,Charles Estienne,La Maison Rustique,Autres pretextes de planter arbres fruitiers,,81a,https://archive.org/details/lagricultureetma00esti,N/A,,
MK222,Charles Estienne,La Maison Rustique,"Esmonder, deschausser & nettoyer les arbres ",,82a,https://archive.org/details/lagricultureetma00esti,N/A,,
MK223,Charles Estienne,La Maison Rustique,Medeciner les arbres fruitiers ,,84a,https://archive.org/details/lagricultureetma00esti,N/A,,
MK224,Charles Estienne,La Maison Rustique,"Garder & confiner le fruit des arbres pour estre ostez & mangez en saison, & horsicelle ",,85b,https://archive.org/details/lagricultureetma00esti,N/A,,
MK225,Charles Estienne,La Maison Rustique,Maniere de faire le cidre ,,87a,https://archive.org/details/lagricultureetma00esti,N/A,,
MK226,Charles Estienne,La Maison Rustique,Quelques singularitez de confire des fruitspour la reserue de toute l’annee ,,87b,https://archive.org/details/lagricultureetma00esti,N/A,,
MK227,Charles Estienne,La Maison Rustique,Qu’il y a deux sortes de pre ,,89b,https://archive.org/details/lagricultureetma00esti,N/A,,
MK228,Charles Estienne,La Maison Rustique,Quelles terres sont bonnes pour les prez ,,90a,https://archive.org/details/lagricultureetma00esti,N/A,,
MK229,Charles Estienne,La Maison Rustique,Quelle culture demandent les prez ibid.,,90a,https://archive.org/details/lagricultureetma00esti,N/A,,
MK230,Charles Estienne,La Maison Rustique,Ce qu’il faut semer aux prez ,,90b,https://archive.org/details/lagricultureetma00esti,N/A,,
MK231,Charles Estienne,La Maison Rustique,"Qu’il faut essarter, espierer & fumer les prez ",,91b,https://archive.org/details/lagricultureetma00esti,N/A,,
MK232,Charles Estienne,La Maison Rustique,La cueillette de foin ibid,,91b,https://archive.org/details/lagricultureetma00esti,N/A,,
MK233,Charles Estienne,La Maison Rustique,L’ozeraye ,,92a,https://archive.org/details/lagricultureetma00esti,N/A,,
MK234,Charles Estienne,La Maison Rustique,La saulsaye (faulsaye?),,92b,https://archive.org/details/lagricultureetma00esti,N/A,,
MK235,Charles Estienne,La Maison Rustique,L’ormaye & aulnaye ibi.,,92b,https://archive.org/details/lagricultureetma00esti,N/A,,
MK236,Charles Estienne,La Maison Rustique,Quel est le gibbier & l’estang ,,93a,https://archive.org/details/lagricultureetma00esti,N/A,,
MK237,Charles Estienne,La Maison Rustique,"De quels poissons on doit peupler les estangs, mares, & fosses a poisson ",,93b,https://archive.org/details/lagricultureetma00esti,N/A,,
MK238,Charles Estienne,La Maison Rustique,Qu’il faut curer les estangs ,,94a,https://archive.org/details/lagricultureetma00esti,N/A,,
MK239,Charles Estienne,La Maison Rustique,Qu’il faut auoir soing de la leuee de l’estang ibid,,94a,https://archive.org/details/lagricultureetma00esti,N/A,,
MK240,Charles Estienne,La Maison Rustique,Quel soin est requis pour la mare & la fosse a poissons,,94b,https://archive.org/details/lagricultureetma00esti,N/A,,
MK241,Charles Estienne,La Maison Rustique,"De la nourriture des poissons d’estang, mare, & fosse a poissons ibid",,94b,https://archive.org/details/lagricultureetma00esti,N/A,,
MK242,Charles Estienne,La Maison Rustique,De la pesche des poissons ,,95a,https://archive.org/details/lagricultureetma00esti,N/A,,
MK243,Charles Estienne,La Maison Rustique,Pour faire assembler les poissons en vn lieu ibid.,,95a,https://archive.org/details/lagricultureetma00esti,N/A,,
MK244,Charles Estienne,La Maison Rustique,"Pour prendre toutes sortes de poissons, tant petits que grands ",,95a,https://archive.org/details/lagricultureetma00esti,N/A,,
MK245,Charles Estienne,La Maison Rustique,Pour prendre petits poissons ,,95b,https://archive.org/details/lagricultureetma00esti,N/A,,
MK246,Charles Estienne,La Maison Rustique,Pour amorcer les tortues ,,95b,https://archive.org/details/lagricultureetma00esti,N/A,,
MK247,Charles Estienne,La Maison Rustique,Pour les seiches ,,95b,https://archive.org/details/lagricultureetma00esti,N/A,,
MK248,Charles Estienne,La Maison Rustique,"Pour prendre le poisson menu, qu’on appelle loches ",,95b,https://archive.org/details/lagricultureetma00esti,N/A,,
MK249,Charles Estienne,La Maison Rustique,"Pour prendre perches, ",,96a,https://archive.org/details/lagricultureetma00esti,N/A,,
MK250,Charles Estienne,La Maison Rustique,"Pour prendre saulmons, tant de riuiere que de mer ",,96b,https://archive.org/details/lagricultureetma00esti,N/A,,
MK251,Charles Estienne,La Maison Rustique,De la culture des grains & legumes en terres labourables,,Chapter heading,https://archive.org/details/lagricultureetma00esti,N/A,,
MK252,Charles Estienne,La Maison Rustique,Quelle maniere de cultiuer les terres labourables sera traitee en ce liure ,,97a,https://archive.org/details/lagricultureetma00esti,N/A,,
MK253,Charles Estienne,La Maison Rustique,Quelles sont les terres labourables de nostra France ,,97b,https://archive.org/details/lagricultureetma00esti,N/A,,
MK254,Charles Estienne,La Maison Rustique,Combien de façon demandent les terres labourables ,,98a,https://archive.org/details/lagricultureetma00esti,N/A,,
MK255,Charles Estienne,La Maison Rustique,"Espierrer, premiere facon des terres labourables, ",,98b,https://archive.org/details/lagricultureetma00esti,N/A,,
MK256,Charles Estienne,La Maison Rustique,"Amender, seconde facon ",,99a,https://archive.org/details/lagricultureetma00esti,N/A,,
MK257,Charles Estienne,La Maison Rustique,Fumer tierce facon ,,99b,https://archive.org/details/lagricultureetma00esti,N/A,,
MK258,Charles Estienne,La Maison Rustique,"Auant que semer faut labourer, de premiere & seconde facon ",,100a,https://archive.org/details/lagricultureetma00esti,N/A,,
MK259,Charles Estienne,La Maison Rustique,"Que selon les pais lon se sert de diuerses bestes, pour labourer les terres, ",,100b,https://archive.org/details/lagricultureetma00esti,N/A,,
MK260,Charles Estienne,La Maison Rustique,"Esmotter, puis labourer, de seconde facon ",,101b,https://archive.org/details/lagricultureetma00esti,N/A,,
MK261,Charles Estienne,La Maison Rustique,Semer ,,101b,https://archive.org/details/lagricultureetma00esti,N/A,,
MK262,Charles Estienne,La Maison Rustique,"Choix de grain, pour semer ",,102b,https://archive.org/details/lagricultureetma00esti,N/A,,
MK263,Charles Estienne,La Maison Rustique,Hercer ,,102b,https://archive.org/details/lagricultureetma00esti,N/A,,
MK264,Charles Estienne,La Maison Rustique,Sarcler,,102b,https://archive.org/details/lagricultureetma00esti,N/A,,
MK265,Charles Estienne,La Maison Rustique,Moissonner ,,102b,https://archive.org/details/lagricultureetma00esti,N/A,,
MK266,Charles Estienne,La Maison Rustique,Battre le bled ,,103a,https://archive.org/details/lagricultureetma00esti,N/A,,
MK267,Charles Estienne,La Maison Rustique,Quel doit estre le grenier a mettre le bled ,,103b,https://archive.org/details/lagricultureetma00esti,N/A,,
MK268,Charles Estienne,La Maison Rustique,Panifice & biere prouenants du bled ,,103b,https://archive.org/details/lagricultureetma00esti,N/A,,
MK269,Charles Estienne,La Maison Rustique,"La culture des mars & legumes en particulier, & premeierement de l’orge, ",,104a,https://archive.org/details/lagricultureetma00esti,N/A,,
MK270,Charles Estienne,La Maison Rustique,Auoine ,,104b,https://archive.org/details/lagricultureetma00esti,N/A,,
MK271,Charles Estienne,La Maison Rustique,Mil * panic ,,104b,https://archive.org/details/lagricultureetma00esti,N/A,,
MK272,Charles Estienne,La Maison Rustique,Sesame ibid,,104b,https://archive.org/details/lagricultureetma00esti,N/A,,
MK273,Charles Estienne,La Maison Rustique,Lentille ,,105a,https://archive.org/details/lagricultureetma00esti,N/A,,
MK274,Charles Estienne,La Maison Rustique,Phaseols ibid.,,105a,https://archive.org/details/lagricultureetma00esti,N/A,,
MK275,Charles Estienne,La Maison Rustique,Lupins ibid.,,105a,https://archive.org/details/lagricultureetma00esti,N/A,,
MK276,Charles Estienne,La Maison Rustique,Febues ,,105b,https://archive.org/details/lagricultureetma00esti,N/A,,
MK277,Charles Estienne,La Maison Rustique,"Petits pois, pois ciches, ers ibid.",,105b,https://archive.org/details/lagricultureetma00esti,N/A,,
MK278,Charles Estienne,La Maison Rustique,Chanure ibid.,,105b,https://archive.org/details/lagricultureetma00esti,N/A,,
MK279,Charles Estienne,La Maison Rustique,Lin ,,106a,https://archive.org/details/lagricultureetma00esti,N/A,,
MK280,Charles Estienne,La Maison Rustique,Nauets & raues ibid.,,106a,https://archive.org/details/lagricultureetma00esti,N/A,,
MK281,Charles Estienne,La Maison Rustique,Quel terroir demande la vigne ,,106b,https://archive.org/details/lagricultureetma00esti,N/A,,
MK282,Charles Estienne,La Maison Rustique,"Que nulle vigne se fait par pepiniere, si ce n’est pour plaisir ibid",,106b,https://archive.org/details/lagricultureetma00esti,N/A,,
MK283,Charles Estienne,La Maison Rustique,La facon de planter la vigne ,,107a,https://archive.org/details/lagricultureetma00esti,N/A,,
MK284,Charles Estienne,La Maison Rustique,Quel terroir & culture premiere demande la vigne nouuellement plantee,,108a,https://archive.org/details/lagricultureetma00esti,N/A,,
MK285,Charles Estienne,La Maison Rustique,En quel temps faut planter la vigne ibid,,108a,https://archive.org/details/lagricultureetma00esti,N/A,,
MK286,Charles Estienne,La Maison Rustique,Plante de vigne noire ,,108b,https://archive.org/details/lagricultureetma00esti,N/A,,
MK287,Charles Estienne,La Maison Rustique,Plante de vigne blanche ,,109b,https://archive.org/details/lagricultureetma00esti,N/A,,
MK288,Charles Estienne,La Maison Rustique,Le labour de la vigne parcreuë ,,110a,https://archive.org/details/lagricultureetma00esti,N/A,,
MK289,Charles Estienne,La Maison Rustique,La maniere d’enter la vigne ,,111b,https://archive.org/details/lagricultureetma00esti,N/A,,
MK290,Charles Estienne,La Maison Rustique,Quelques petites singularitez touchant la vigne ibid.,,111b,https://archive.org/details/lagricultureetma00esti,N/A,,
MK291,Charles Estienne,La Maison Rustique,"Les maladies de la vigne, & remedes d’icelles ",,112a,https://archive.org/details/lagricultureetma00esti,N/A,,
MK292,Charles Estienne,La Maison Rustique,La maniere de faire vendanges ,,113a,https://archive.org/details/lagricultureetma00esti,N/A,,
MK293,Charles Estienne,La Maison Rustique,"Du temps de pecer les tonneaux, & gouster le vin ",,113b,https://archive.org/details/lagricultureetma00esti,N/A,,
MK294,Charles Estienne,La Maison Rustique,Quelques petites singularitez touchant le vin ,,115a,https://archive.org/details/lagricultureetma00esti,N/A,,
MK295,Charles Estienne,La Maison Rustique,Discours d’aucuns vins qui seruent a l’vsage de medecine ,,117b,https://archive.org/details/lagricultureetma00esti,N/A,,
MK296,Charles Estienne,La Maison Rustique,Des vices & accidens qui suruiennent au vin ,,118a,https://archive.org/details/lagricultureetma00esti,N/A,,
MK297,Charles Estienne,La Maison Rustique,Maniere de faire vinaigre ,,119a,https://archive.org/details/lagricultureetma00esti,N/A,,
MK298,Charles Estienne,La Maison Rustique,Quelques petites singularitez touchant le vinaigre ,,119b,https://archive.org/details/lagricultureetma00esti,N/A,,
MK299,Charles Estienne,La Maison Rustique,La maniere de faire du verius ,,120b,https://archive.org/details/lagricultureetma00esti,N/A,,
MK300,Charles Estienne,La Maison Rustique,Assiette de la garenne ,,121a,https://archive.org/details/lagricultureetma00esti,N/A,,
MK301,Charles Estienne,La Maison Rustique,Qu’il faut faire vn clappier pour peupler la garenne ,,122a,https://archive.org/details/lagricultureetma00esti,N/A,,
MK302,Charles Estienne,La Maison Rustique,Quel traittement demande le connin de la garenne ,,122b,https://archive.org/details/lagricultureetma00esti,N/A,,
MK303,Charles Estienne,La Maison Rustique,Quelle difference ily a entre le connin de garenne & de clappier ,,123b,https://archive.org/details/lagricultureetma00esti,N/A,,
MK304,Charles Estienne,La Maison Rustique,Que le terroir est a considerer auant que planter le bois ,,123b,https://archive.org/details/lagricultureetma00esti,N/A,,
MK305,Charles Estienne,La Maison Rustique,"Que le chesne, chastaignier & orme, sont les plus nobles arbres des bois ",,124a,https://archive.org/details/lagricultureetma00esti,N/A,,
MK306,Charles Estienne,La Maison Rustique,L’assiette & disposition du bois de haute fustaye ,,124b,https://archive.org/details/lagricultureetma00esti,N/A,,
MK307,Charles Estienne,La Maison Rustique,La maniere de planter les arbres du bois de haute fustaye,,125a,https://archive.org/details/lagricultureetma00esti,N/A,,
MK308,Charles Estienne,La Maison Rustique,Du temps de labourer les bois ,,126a,https://archive.org/details/lagricultureetma00esti,N/A,,
MK309,Charles Estienne,La Maison Rustique,"Que le bois soigneusement labouré, profite dauantage que celuy qui n’est labouré",,126b,https://archive.org/details/lagricultureetma00esti,N/A,,
MK310,Charles Estienne,La Maison Rustique,Transplanter les arbres ,,127a,https://archive.org/details/lagricultureetma00esti,N/A,,
MK311,Charles Estienne,La Maison Rustique,"De la forme d’esmonder, esbrancher, & nettoyer le bois ibid.",,127a,https://archive.org/details/lagricultureetma00esti,N/A,,
MK312,Charles Estienne,La Maison Rustique,De la sorte de semer gland pour faire venir chesnes ,,127b,https://archive.org/details/lagricultureetma00esti,N/A,,
MK313,Charles Estienne,La Maison Rustique,"De la forme de faire venir les arbres sauuages de semences, pour apres transplanter autre part ",,128b,https://archive.org/details/lagricultureetma00esti,N/A,,
MK314,Charles Estienne,La Maison Rustique,"Le plaisir qui vient du bois sauuage planté, & profit d’iceluy ",,129a,https://archive.org/details/lagricultureetma00esti,N/A,,
MK315,Charles Estienne,La Maison Rustique,"Traitté de la nature proprieté & difference des arbres sauuages, & quel terroir ils demandent ",,130b,https://archive.org/details/lagricultureetma00esti,N/A,,
MK316,Charles Estienne,La Maison Rustique,"De l’aulne, peuple, saulx, & autres bois aquatiques ",,131a,https://archive.org/details/lagricultureetma00esti,N/A,,
MK317,Charles Estienne,La Maison Rustique,"Des fresnes, erables, & ormes ",,132b,https://archive.org/details/lagricultureetma00esti,N/A,,
MK318,Charles Estienne,La Maison Rustique,Des chastaigniers ,,133a,https://archive.org/details/lagricultureetma00esti,N/A,,
MK319,Charles Estienne,La Maison Rustique,"Des chesnes & de leur difference, charmes, fousteaux, & semblable bois ",,133b,https://archive.org/details/lagricultureetma00esti,N/A,,
MK320,Charles Estienne,La Maison Rustique,"L’assiette du parc, & gouuernement des bestes sauuages y contenuës ",,135a,https://archive.org/details/lagricultureetma00esti,N/A,,
MK321,Charles Estienne,La Maison Rustique,Haironniere,,Chapter heading,https://archive.org/details/lagricultureetma00esti,N/A,,
MK322,Charles Estienne,La Maison Rustique,"L’assiette de la haironniere, & gouuernement de hairon ",,135b,https://archive.org/details/lagricultureetma00esti,N/A,,
MK323,Charles Estienne,La Maison Rustique,"La venerie, ov la chasse",,Chapter heading,https://archive.org/details/lagricultureetma00esti,N/A,,
MK324,Charles Estienne,La Maison Rustique,Qu’il y a trois sortes de chasse ,,136b,https://archive.org/details/lagricultureetma00esti,N/A,,
MK325,Charles Estienne,La Maison Rustique,La chasse ov venerie du cerf,,Chapter heading,https://archive.org/details/lagricultureetma00esti,N/A,,
MK326,Charles Estienne,La Maison Rustique,Quels chiens sont bons pour la chasse ,,137a,https://archive.org/details/lagricultureetma00esti,N/A,,
MK327,Charles Estienne,La Maison Rustique,Comme il faut faconner les ieunes chiens pour la chasse ,,139a,https://archive.org/details/lagricultureetma00esti,N/A,,
MK328,Charles Estienne,La Maison Rustique,"Qu’il fault cognoistre le cerf & sçauoir son giste, auant que le courir ",,139a,https://archive.org/details/lagricultureetma00esti,N/A,,
MK329,Charles Estienne,La Maison Rustique,Comme il faut courir le cerf ,,141a,https://archive.org/details/lagricultureetma00esti,N/A,,
MK330,Charles Estienne,La Maison Rustique,La chasse dv sanglier,,Chapter heading,https://archive.org/details/lagricultureetma00esti,N/A,,
MK331,Charles Estienne,La Maison Rustique,"En quel temps il faut chaser le sanglier, & les marques du bon sanglier, ",,143b,https://archive.org/details/lagricultureetma00esti,N/A,,
MK332,Charles Estienne,La Maison Rustique,"Du sanglier, pourceau priué masle & femelle sanglier ",,144a,https://archive.org/details/lagricultureetma00esti,N/A,,
MK333,Charles Estienne,La Maison Rustique,La demeure du sanglier ,,144b,https://archive.org/details/lagricultureetma00esti,N/A,,
MK334,Charles Estienne,La Maison Rustique,"La prinse du sanglier, ",,144b,https://archive.org/details/lagricultureetma00esti,N/A,,
MK335,Charles Estienne,La Maison Rustique,La chasse du lieure,,Chapter heading,https://archive.org/details/lagricultureetma00esti,N/A,,
MK336,Charles Estienne,La Maison Rustique,"Du plaisir & profit de la chasse du lieure, & des chiens qui y song requis ",,145a,https://archive.org/details/lagricultureetma00esti,N/A,,
MK337,Charles Estienne,La Maison Rustique,"Les marques du bon lieure, du masle & de la femelle, & de son giste, ",,145b,https://archive.org/details/lagricultureetma00esti,N/A,,
MK338,Charles Estienne,La Maison Rustique,La prinse du lieure ,,146a,https://archive.org/details/lagricultureetma00esti,N/A,,
MK339,Charles Estienne,La Maison Rustique,"Le profit de la chasse du regnard & du tesson, ",,148a,https://archive.org/details/lagricultureetma00esti,N/A,,
MK340,Charles Estienne,La Maison Rustique,Deux sortes de regnards & de tessongs ,,148a,https://archive.org/details/lagricultureetma00esti,N/A,,
MK341,Charles Estienne,La Maison Rustique,"Deux sortes de bassets pour courir les regnards & tessons, & la maniere de les dresser ",,148b,https://archive.org/details/lagricultureetma00esti,N/A,,